grupo_educativo,grupo_orden,ocupados_2008,ocupados_2025,participacion_2008,participacion_2025,rem_trabajador_2008,rem_trabajador_2025,rem_hora_2008,rem_hora_2025,horas_2008,horas_2025,crec_ocupados,crec_rem_trabajador,crec_rem_hora,ratio_hora_vs_primaria_2008,ratio_hora_vs_primaria_2025,ratio_trabajador_vs_primaria_2008,ratio_trabajador_vs_primaria_2025
Primaria o menos,1,2791380.105071581,4819572.398806097,0.3602846110620871,0.21001142046478982,868819.2228300559,996692.7654573324,4215.286460685556,5425.865059091553,47.56420366681438,42.390664031065235,0.0326480404917493,0.008109617347707987,0.014961393768540443,1.0,1.0,1.0,1.0
Secundaria,2,3259615.7702012043,10385334.03910425,0.4207199864486642,0.4525378131250612,1196156.963417984,1342322.0986959292,5614.1070519118375,6938.625991385867,49.16832183191542,44.643801027057336,0.070540692493952,0.006804643354867412,0.012538022143250949,1.3318447285309247,1.27880548370062,1.376761623116109,1.346776203477312
Universitaria o superior,3,1696712.5179412344,7744190.273780808,0.21899540248924868,0.3374507664101489,3026620.4794568433,3227731.503646887,15504.265900637925,17178.179069756643,45.04894874422389,43.36088902097799,0.09341830027030018,0.0037914592243610823,0.006049087824409272,3.678104927207338,3.1659797806753356,3.483602111838703,3.2384417901998543
