grupo_educativo,grupo_orden,ocupados_2010,ocupados_2025,participacion_2010,participacion_2025,rem_trabajador_2010,rem_trabajador_2025,rem_hora_2010,rem_hora_2025,horas_2010,horas_2025,crec_ocupados,crec_rem_trabajador,crec_rem_hora,ratio_hora_vs_primaria_2010,ratio_hora_vs_primaria_2025,ratio_trabajador_vs_primaria_2010,ratio_trabajador_vs_primaria_2025
Primaria o menos,1,6055420.624377297,4819572.398806097,0.3600782126149725,0.21001142046478982,877510.6907585722,996692.7654573324,4349.671535981214,5425.865059091553,46.55580666792828,42.390664031065235,-0.015102701549945974,0.008526372539337634,0.014847614192564196,1.0,1.0,1.0,1.0
Secundaria,2,6927708.594356843,10385334.03910425,0.4119477544022661,0.4525378131250612,1195306.124977321,1342322.0986959292,5710.801811936826,6938.625991385867,48.3014266785096,44.643801027057336,0.027358591698203538,0.007763225418115249,0.01306760013402486,1.312927140519948,1.27880548370062,1.3621556267810566,1.346776203477312
Universitaria o superior,3,3833830.020208453,7744190.273780808,0.2279740329827614,0.3374507664101489,3082024.1894612815,3227731.503646887,15928.0704976,17178.179069756643,44.653013779748726,43.36088902097799,0.04798776102937574,0.0030842789072427212,0.005049836118393269,3.661901908187853,3.1659797806753356,3.5122354883186633,3.2384417901998543
